variant,fold,event_date,event_name,split,n_features,degradation_slope_error,mae,mse,rmse,runtime_seconds
hgb_raw,2022-06-12::Azerbaijan Grand Prix,2022-06-12,Azerbaijan Grand Prix,development,37,0.13104755437420054,1.226994749085474,6.8222961772054935,2.6119525602900016,0.6145517720142379
hgb_track_pca4,2022-06-12::Azerbaijan Grand Prix,2022-06-12,Azerbaijan Grand Prix,development,28,0.11102258459027027,1.2377627254395533,6.875475528169765,2.6221127985214068,0.5402515089372173
hgb_track_pca4_age_interactions,2022-06-12::Azerbaijan Grand Prix,2022-06-12,Azerbaijan Grand Prix,development,32,0.10610775375825428,1.2148461324192579,6.7846177731872785,2.6047298848800575,0.6397911530220881
hgb_raw,2022-06-19::Canadian Grand Prix,2022-06-19,Canadian Grand Prix,development,37,0.05891442167809288,1.1649661922293424,3.486143199093676,1.8671216347880701,0.48624909203499556
hgb_track_pca4,2022-06-19::Canadian Grand Prix,2022-06-19,Canadian Grand Prix,development,28,0.06824592387937102,1.2046249618477585,3.5766287421486074,1.8911977004397524,0.47381521004717797
hgb_track_pca4_age_interactions,2022-06-19::Canadian Grand Prix,2022-06-19,Canadian Grand Prix,development,32,0.051600506963427516,1.2562046286436606,3.6218388552571126,1.9031129381245646,0.4767583080101758
hgb_raw,2022-07-03::British Grand Prix,2022-07-03,British Grand Prix,development,37,0.0524985528318803,3.673786510560019,17.534509887089076,4.18742282162777,0.9106241319095716
hgb_track_pca4,2022-07-03::British Grand Prix,2022-07-03,British Grand Prix,development,28,0.03738799059393073,1.2640267816558453,6.482130682914687,2.5460028835244253,0.9805628330213949
hgb_track_pca4_age_interactions,2022-07-03::British Grand Prix,2022-07-03,British Grand Prix,development,32,0.037462150238335594,1.2717237494935463,6.510874611165435,2.5516415522493427,0.5124245829647407
hgb_raw,2022-07-10::Austrian Grand Prix,2022-07-10,Austrian Grand Prix,development,37,0.031218856703643452,1.174330864509465,1.810352816772419,1.3454935216389632,2.2536503080045804
hgb_track_pca4,2022-07-10::Austrian Grand Prix,2022-07-10,Austrian Grand Prix,development,28,0.03320653132070787,1.204327136677244,1.8661397929456571,1.3660672724817242,0.5868720330763608
hgb_track_pca4_age_interactions,2022-07-10::Austrian Grand Prix,2022-07-10,Austrian Grand Prix,development,32,0.035707295535743484,1.1890760541432426,1.8736411525953933,1.368810122915298,1.0682629760121927
hgb_raw,2022-07-24::French Grand Prix,2022-07-24,French Grand Prix,development,37,0.29780154601428827,2.9757622883283577,10.647495762055634,3.2630500704181102,0.5482407339150086
hgb_track_pca4,2022-07-24::French Grand Prix,2022-07-24,French Grand Prix,development,28,0.2548715863332511,0.8614905353560333,1.3642951661085259,1.1680304645464201,0.530049787950702
hgb_track_pca4_age_interactions,2022-07-24::French Grand Prix,2022-07-24,French Grand Prix,development,32,0.2823911914047763,0.7477494118562331,1.2971512002776175,1.1389254586133446,0.5894167670048773
hgb_raw,2022-07-31::Hungarian Grand Prix,2022-07-31,Hungarian Grand Prix,development,37,0.07596016037867674,3.298003910596647,17.152826305196594,4.141597071806551,0.5871292189694941
hgb_track_pca4,2022-07-31::Hungarian Grand Prix,2022-07-31,Hungarian Grand Prix,development,28,0.04944140398776566,3.874266180479442,21.32640649726093,4.618052240637922,0.9069429149385542
hgb_track_pca4_age_interactions,2022-07-31::Hungarian Grand Prix,2022-07-31,Hungarian Grand Prix,development,32,0.05604963330810126,3.8462225798624474,20.93864680604064,4.575876616129486,0.6230445310939103
hgb_raw,2022-08-28::Belgian Grand Prix,2022-08-28,Belgian Grand Prix,development,37,0.17139763738514976,1.301428273672299,3.913210035666191,1.978183519208011,0.5694124409928918
hgb_track_pca4,2022-08-28::Belgian Grand Prix,2022-08-28,Belgian Grand Prix,development,28,0.20408170653469948,1.349096247924229,4.177569505891911,2.0439103468332243,0.562079243012704
hgb_track_pca4_age_interactions,2022-08-28::Belgian Grand Prix,2022-08-28,Belgian Grand Prix,development,32,0.20923699606504773,1.3642713166435105,4.196646856486015,2.0485719065939607,0.9040519919944927
hgb_raw,2022-09-04::Dutch Grand Prix,2022-09-04,Dutch Grand Prix,development,37,0.06501277551138387,2.6856763137426074,16.720122882340508,4.089024685953914,2.9281343140173703
hgb_track_pca4,2022-09-04::Dutch Grand Prix,2022-09-04,Dutch Grand Prix,development,28,0.14440558791545974,3.840536503820056,30.831344850569394,5.552598027101313,0.6978999359998852
hgb_track_pca4_age_interactions,2022-09-04::Dutch Grand Prix,2022-09-04,Dutch Grand Prix,development,32,0.12232945961147239,3.7307631093374796,28.681380970171173,5.355500067236595,0.6803560570115224
hgb_raw,2022-09-11::Italian Grand Prix,2022-09-11,Italian Grand Prix,development,37,0.03267296278535197,1.0812181037631592,2.116745416337176,1.4549039199676301,0.8737168989609927
hgb_track_pca4,2022-09-11::Italian Grand Prix,2022-09-11,Italian Grand Prix,development,28,0.032248187411927275,0.9526089105507832,1.9069442000577685,1.3809215039450173,0.8000910279806703
hgb_track_pca4_age_interactions,2022-09-11::Italian Grand Prix,2022-09-11,Italian Grand Prix,development,32,0.029299443425588535,0.9054918180392277,1.7944520385063714,1.3395715876750938,0.7356104870559648
hgb_raw,2022-10-02::Singapore Grand Prix,2022-10-02,Singapore Grand Prix,development,37,0.06836198795592209,13.836618818419677,201.22140803818525,14.185253189075803,0.706268866895698
hgb_track_pca4,2022-10-02::Singapore Grand Prix,2022-10-02,Singapore Grand Prix,development,28,0.058250060015354405,14.918100371963018,237.70065555670564,15.417543758871114,0.7128798440098763
hgb_track_pca4_age_interactions,2022-10-02::Singapore Grand Prix,2022-10-02,Singapore Grand Prix,development,32,0.057948762529786674,15.083987722781869,242.60224735934705,15.575694121269429,3.2439976539462805
hgb_raw,2022-10-09::Japanese Grand Prix,2022-10-09,Japanese Grand Prix,development,37,0.11330576657653274,11.351769318132016,143.2992295148093,11.970765619408363,0.9519041499588639
hgb_track_pca4,2022-10-09::Japanese Grand Prix,2022-10-09,Japanese Grand Prix,development,28,0.19346095993047877,9.091586113998524,98.48861181107094,9.92414287538581,0.6781828260282055
hgb_track_pca4_age_interactions,2022-10-09::Japanese Grand Prix,2022-10-09,Japanese Grand Prix,development,32,0.19213295689212767,10.078801238172046,116.56854466480257,10.796691375824475,0.7153205929789692
hgb_raw,2022-10-23::United States Grand Prix,2022-10-23,United States Grand Prix,development,37,0.07657350693912796,1.8008638014253764,4.155688042382543,2.038550475799543,0.724111549090594
hgb_track_pca4,2022-10-23::United States Grand Prix,2022-10-23,United States Grand Prix,development,28,0.08947909153844492,1.6426738161889531,3.547257890645802,1.8834165473006237,1.098727350938134
hgb_track_pca4_age_interactions,2022-10-23::United States Grand Prix,2022-10-23,United States Grand Prix,development,32,0.08916495930798324,1.6529351654292568,3.538797222119544,1.881169110452206,0.7009451169287786
hgb_raw,2022-10-30::Mexico City Grand Prix,2022-10-30,Mexico City Grand Prix,development,37,0.05155634346121559,7.385848750502046,58.17844100804452,7.627479335143723,0.8271942540304735
hgb_track_pca4,2022-10-30::Mexico City Grand Prix,2022-10-30,Mexico City Grand Prix,development,28,0.00337697467375696,1.579927104371981,4.677135682347603,2.162668648301816,0.7641228830907494
hgb_track_pca4_age_interactions,2022-10-30::Mexico City Grand Prix,2022-10-30,Mexico City Grand Prix,development,32,0.003525232607599273,1.5571654319653263,4.599195488018563,2.144573497928799,0.9133896590210497
hgb_raw,2022-11-13::São Paulo Grand Prix,2022-11-13,São Paulo Grand Prix,development,37,0.049963904596935595,1.1806677148221736,2.9299420937763285,1.7117073621902572,5.995307226083241
hgb_track_pca4,2022-11-13::São Paulo Grand Prix,2022-11-13,São Paulo Grand Prix,development,28,0.06272540129228833,1.1205927400298836,1.7916117083878105,1.3385110042087105,0.705167627078481
hgb_track_pca4_age_interactions,2022-11-13::São Paulo Grand Prix,2022-11-13,São Paulo Grand Prix,development,32,0.057896229247253746,1.0979772416046423,1.733375918526003,1.3165773499973341,1.2465894150082022
hgb_raw,2022-11-20::Abu Dhabi Grand Prix,2022-11-20,Abu Dhabi Grand Prix,development,37,0.1000596386050943,1.47431256581396,3.991084263199433,1.9977698223768006,0.771774870925583
hgb_track_pca4,2022-11-20::Abu Dhabi Grand Prix,2022-11-20,Abu Dhabi Grand Prix,development,28,0.11647080300500438,2.1601115109160913,6.641862875872359,2.577181188017707,1.2855758239747956
hgb_track_pca4_age_interactions,2022-11-20::Abu Dhabi Grand Prix,2022-11-20,Abu Dhabi Grand Prix,development,32,0.0865714766136418,2.8270849284497555,9.877582251365588,3.142862111414624,0.8484210880706087
hgb_raw,2023-03-05::Bahrain Grand Prix,2023-03-05,Bahrain Grand Prix,development,37,0.14659310510020032,1.3202608197373693,2.573724456445329,1.6042831596838911,0.8082259279908612
hgb_track_pca4,2023-03-05::Bahrain Grand Prix,2023-03-05,Bahrain Grand Prix,development,28,0.19854421913066522,3.4689479275603867,15.300930277178322,3.9116403563183466,1.0571467300178483
hgb_track_pca4_age_interactions,2023-03-05::Bahrain Grand Prix,2023-03-05,Bahrain Grand Prix,development,32,0.2032489555730935,3.4988391028287102,15.512207699242378,3.9385540112130464,0.8752757098991424
hgb_raw,2023-03-19::Saudi Arabian Grand Prix,2023-03-19,Saudi Arabian Grand Prix,development,37,0.05292167267739778,0.9970244143799506,2.8419106401775953,1.6857967375035448,0.7963455730350688
hgb_track_pca4,2023-03-19::Saudi Arabian Grand Prix,2023-03-19,Saudi Arabian Grand Prix,development,28,0.04967898896812048,0.9898894490224547,2.8213106101988843,1.6796757455529576,0.91088664799463
hgb_track_pca4_age_interactions,2023-03-19::Saudi Arabian Grand Prix,2023-03-19,Saudi Arabian Grand Prix,development,32,0.04472631198069943,0.9747879974407085,2.7638495582175495,1.6624829497524327,1.213234107941389
hgb_raw,2023-04-02::Australian Grand Prix,2023-04-02,Australian Grand Prix,development,37,0.5736070946177182,2.448864593549981,18.99677710848535,4.358529236851044,1.38023679505568
hgb_track_pca4,2023-04-02::Australian Grand Prix,2023-04-02,Australian Grand Prix,development,28,0.5800077658592375,2.4765783079945316,19.463719377540645,4.41177054905858,0.8934905469650403
hgb_track_pca4_age_interactions,2023-04-02::Australian Grand Prix,2023-04-02,Australian Grand Prix,development,32,0.580879146763217,2.4760158374389905,19.61756531297725,4.42917207985615,1.1080216330010444
hgb_raw,2023-04-30::Azerbaijan Grand Prix,2023-04-30,Azerbaijan Grand Prix,development,37,0.11416381643665412,1.872751885779667,4.440340924607622,2.1072116468469946,1.1657807109877467
hgb_track_pca4,2023-04-30::Azerbaijan Grand Prix,2023-04-30,Azerbaijan Grand Prix,development,28,0.12135129762901893,2.0248541706283922,5.012126828146649,2.2387779765190317,2.045833616051823
hgb_track_pca4_age_interactions,2023-04-30::Azerbaijan Grand Prix,2023-04-30,Azerbaijan Grand Prix,development,32,0.12459576437642533,1.987872709876655,4.853608800041811,2.2030907380409483,1.2037281000521034
hgb_raw,2023-05-07::Miami Grand Prix,2023-05-07,Miami Grand Prix,development,37,0.06263866213314583,2.233674965130077,23.75974055363656,4.874396429675839,0.9601056769024581
hgb_track_pca4,2023-05-07::Miami Grand Prix,2023-05-07,Miami Grand Prix,development,28,0.06625522987745285,2.2103260979871884,23.597209901822794,4.857695945798048,1.0046119139296934
hgb_track_pca4_age_interactions,2023-05-07::Miami Grand Prix,2023-05-07,Miami Grand Prix,development,32,0.06346159225456334,2.183575833409082,23.594014768305467,4.85736706131063,1.045325659099035
hgb_raw,2023-05-28::Monaco Grand Prix,2023-05-28,Monaco Grand Prix,development,37,0.27989619020467893,6.4273757647256895,77.38672608044108,8.796972551988615,2.99156310595572
hgb_track_pca4,2023-05-28::Monaco Grand Prix,2023-05-28,Monaco Grand Prix,development,28,0.2474275679124668,4.274848469061881,59.20481085139735,7.694466248635921,1.5300533790141344
hgb_track_pca4_age_interactions,2023-05-28::Monaco Grand Prix,2023-05-28,Monaco Grand Prix,development,32,0.24594518057554882,4.158183998523615,56.3097475186252,7.503982110761273,1.6572193840984255
hgb_raw,2023-06-04::Spanish Grand Prix,2023-06-04,Spanish Grand Prix,development,37,0.011574611811880195,5.069108137217297,27.209799683338662,5.216301341308673,1.0463560620555654
hgb_track_pca4,2023-06-04::Spanish Grand Prix,2023-06-04,Spanish Grand Prix,development,28,0.014032467076987264,3.0269672680724313,10.590474170354192,3.254300872745818,0.7949302769266069
hgb_track_pca4_age_interactions,2023-06-04::Spanish Grand Prix,2023-06-04,Spanish Grand Prix,development,32,0.013318829760352363,2.83133488605314,9.458204500065108,3.075419402303547,0.8984100739471614
hgb_raw,2023-06-18::Canadian Grand Prix,2023-06-18,Canadian Grand Prix,development,37,0.060629805947254777,1.55329012816664,3.1996599185392114,1.7887593238161503,1.0672764969058335
hgb_track_pca4,2023-06-18::Canadian Grand Prix,2023-06-18,Canadian Grand Prix,development,28,0.059460191301580013,1.0520430570234824,1.7623692579760541,1.327542563527081,0.8740699460031465
hgb_track_pca4_age_interactions,2023-06-18::Canadian Grand Prix,2023-06-18,Canadian Grand Prix,development,32,0.05515326682811287,1.0596976245837568,1.7771568708928596,1.3331004729174991,0.9257544870488346
hgb_raw,2023-07-02::Austrian Grand Prix,2023-07-02,Austrian Grand Prix,development,37,0.09314191662939397,1.3395774633951811,3.771272216675253,1.941976368722146,1.1728992949938402
hgb_track_pca4,2023-07-02::Austrian Grand Prix,2023-07-02,Austrian Grand Prix,development,28,0.06769809181577394,1.2945137929190778,3.6584200780442337,1.9126996831819243,0.913708065985702
hgb_track_pca4_age_interactions,2023-07-02::Austrian Grand Prix,2023-07-02,Austrian Grand Prix,development,32,0.06462276800098447,1.304396389149498,3.66151493938929,1.9135085417602111,0.9797928939806297
hgb_raw,2023-07-09::British Grand Prix,2023-07-09,British Grand Prix,development,37,0.026514929826019846,0.6561265176045105,0.7941323028865778,0.8911410117857766,0.9558834880590439
hgb_track_pca4,2023-07-09::British Grand Prix,2023-07-09,British Grand Prix,development,28,0.029674872850021915,0.7896052865083257,1.036464823080598,1.0180691641929824,0.9034698080504313
hgb_track_pca4_age_interactions,2023-07-09::British Grand Prix,2023-07-09,British Grand Prix,development,32,0.029707163056077724,0.7884915600907458,1.0275427951323741,1.0136778556979402,0.998165222001262
hgb_raw,2023-07-23::Hungarian Grand Prix,2023-07-23,Hungarian Grand Prix,development,37,0.05516387652379623,1.4584673739272247,2.997283130463662,1.7312663372409405,1.0616314898943529
hgb_track_pca4,2023-07-23::Hungarian Grand Prix,2023-07-23,Hungarian Grand Prix,development,28,0.05871067232956139,1.302222335647555,2.509864541022649,1.5842552007245074,0.8991905209841207
hgb_track_pca4_age_interactions,2023-07-23::Hungarian Grand Prix,2023-07-23,Hungarian Grand Prix,development,32,0.05773464037068963,1.2306016767318653,2.31864859520686,1.5227109361946738,0.9998424840159714
hgb_raw,2023-07-30::Belgian Grand Prix,2023-07-30,Belgian Grand Prix,development,37,0.21880183538960135,1.6533523266844639,5.07119371235051,2.251931107372184,1.069740451988764
hgb_track_pca4,2023-07-30::Belgian Grand Prix,2023-07-30,Belgian Grand Prix,development,28,0.17116145218207043,1.443926762352556,3.576675058966253,1.891209945766533,0.9535134549951181
hgb_track_pca4_age_interactions,2023-07-30::Belgian Grand Prix,2023-07-30,Belgian Grand Prix,development,32,0.14054560522343715,1.6505508440804073,4.490946183024472,2.1191852639692623,0.9953649829840288
hgb_raw,2023-08-27::Dutch Grand Prix,2023-08-27,Dutch Grand Prix,development,37,0.09597466300996949,1.6426703877934354,10.249304671677256,3.201453524834814,1.1875324620632455
hgb_track_pca4,2023-08-27::Dutch Grand Prix,2023-08-27,Dutch Grand Prix,development,28,0.03819753640263001,1.488761981041941,9.271235614969015,3.0448703773673214,1.329638216062449
hgb_track_pca4_age_interactions,2023-08-27::Dutch Grand Prix,2023-08-27,Dutch Grand Prix,development,32,0.04105744544945074,1.5339210849993177,9.40443660027474,3.0666653877256875,2.169529829057865
hgb_raw,2023-09-03::Italian Grand Prix,2023-09-03,Italian Grand Prix,development,37,0.215924120702174,1.2608338568296886,15.592965906461224,3.9487929682956566,1.1365141370333731
hgb_track_pca4,2023-09-03::Italian Grand Prix,2023-09-03,Italian Grand Prix,development,28,0.20731899585444688,1.4058508336084121,15.80496170353076,3.975545459874753,1.0202630630228668
hgb_track_pca4_age_interactions,2023-09-03::Italian Grand Prix,2023-09-03,Italian Grand Prix,development,32,0.21402977637748355,1.334369268423036,15.686280391869541,3.960590914481012,1.1081181740155444
hgb_raw,2023-09-17::Singapore Grand Prix,2023-09-17,Singapore Grand Prix,development,37,0.13359402651595442,1.3416686675865523,3.219589993460599,1.7943215969999913,1.105287451064214
hgb_track_pca4,2023-09-17::Singapore Grand Prix,2023-09-17,Singapore Grand Prix,development,28,0.1303779361680586,1.2389720015465921,3.0314905833233157,1.7411176247810818,1.157684153993614
hgb_track_pca4_age_interactions,2023-09-17::Singapore Grand Prix,2023-09-17,Singapore Grand Prix,development,32,0.12879864239747016,1.241148806473475,3.0164838419740914,1.7368027642694754,1.5907135660527274
hgb_raw,2023-09-24::Japanese Grand Prix,2023-09-24,Japanese Grand Prix,development,37,0.0764127092712169,1.1941715972958191,2.1792692008095793,1.4762348054457934,1.453223407967016
hgb_track_pca4,2023-09-24::Japanese Grand Prix,2023-09-24,Japanese Grand Prix,development,28,0.06946400353473044,2.013312127175598,4.97962670597902,2.23150772034941,1.0510879129869863
hgb_track_pca4_age_interactions,2023-09-24::Japanese Grand Prix,2023-09-24,Japanese Grand Prix,development,32,0.07442871252168824,1.9021380856428713,4.542912092325756,2.131410822043877,1.158710567979142
hgb_raw,2023-10-08::Qatar Grand Prix,2023-10-08,Qatar Grand Prix,development,37,0.026772738742960895,2.069559581436701,5.8448786350135045,2.4176183807651497,1.1920773109886795
hgb_track_pca4,2023-10-08::Qatar Grand Prix,2023-10-08,Qatar Grand Prix,development,28,0.045628784780959185,2.3590932570899468,8.05015527643272,2.837279555565986,1.0690202149562538
hgb_track_pca4_age_interactions,2023-10-08::Qatar Grand Prix,2023-10-08,Qatar Grand Prix,development,32,0.04700721639516192,2.3970482808006595,8.33269818946898,2.8866413337075634,1.075053705018945
hgb_raw,2023-10-22::United States Grand Prix,2023-10-22,United States Grand Prix,development,37,0.011988874366615393,1.0027400579540082,1.6168386599281468,1.2715497080052147,1.1817716390360147
hgb_track_pca4,2023-10-22::United States Grand Prix,2023-10-22,United States Grand Prix,development,28,0.024294131239076328,0.8642049049191415,1.281549504226877,1.1320554333719162,1.2231334389653057
hgb_track_pca4_age_interactions,2023-10-22::United States Grand Prix,2023-10-22,United States Grand Prix,development,32,0.025647293338557656,0.8959341220593445,1.358963355614367,1.1657458366275073,1.3754312880337238
hgb_raw,2023-10-29::Mexico City Grand Prix,2023-10-29,Mexico City Grand Prix,development,37,0.1597723371234692,1.1571366577476845,2.424758504766982,1.5571636088629166,1.6122853310080245
hgb_track_pca4,2023-10-29::Mexico City Grand Prix,2023-10-29,Mexico City Grand Prix,development,28,0.1582070687206598,1.2365930350799794,2.570605695336284,1.6033108542438936,1.4601426059380174
hgb_track_pca4_age_interactions,2023-10-29::Mexico City Grand Prix,2023-10-29,Mexico City Grand Prix,development,32,0.1546314977464188,1.2055121099236974,2.4976311048261315,1.5803895421148964,1.3521861339686438
hgb_raw,2023-11-05::São Paulo Grand Prix,2023-11-05,São Paulo Grand Prix,development,37,0.04671165607384849,0.8156348698366506,1.0739467525931894,1.0363140221926892,1.609188178088516
hgb_track_pca4,2023-11-05::São Paulo Grand Prix,2023-11-05,São Paulo Grand Prix,development,28,0.05102877320740439,0.8514695037326823,1.1245059083659943,1.0604272291703916,1.295262715080753
hgb_track_pca4_age_interactions,2023-11-05::São Paulo Grand Prix,2023-11-05,São Paulo Grand Prix,development,32,0.051170012438028004,0.8750167500983526,1.176454012255097,1.084644647917048,1.2477896169293672
hgb_raw,2023-11-18::Las Vegas Grand Prix,2023-11-18,Las Vegas Grand Prix,development,37,0.09044878796405838,2.2823949466056477,15.318176017137995,3.9138441482943587,1.3590076150139794
hgb_track_pca4,2023-11-18::Las Vegas Grand Prix,2023-11-18,Las Vegas Grand Prix,development,28,0.09423039999952226,2.2925545129043474,15.732817895694014,3.966461634214305,1.2414283659309149
hgb_track_pca4_age_interactions,2023-11-18::Las Vegas Grand Prix,2023-11-18,Las Vegas Grand Prix,development,32,0.08681765211928105,2.237038808772813,15.089728964672247,3.8845500337455103,1.3072388800792396
hgb_raw,2023-11-26::Abu Dhabi Grand Prix,2023-11-26,Abu Dhabi Grand Prix,development,37,0.2632240717603499,1.3839884543593637,8.864219116512398,2.977283848831414,1.3610627149464563
hgb_track_pca4,2023-11-26::Abu Dhabi Grand Prix,2023-11-26,Abu Dhabi Grand Prix,development,28,0.2573872791329418,1.264730219498791,8.659750543605414,2.942745409240394,1.2410597930429503
hgb_track_pca4_age_interactions,2023-11-26::Abu Dhabi Grand Prix,2023-11-26,Abu Dhabi Grand Prix,development,32,0.2602081821145296,1.2879769544301107,8.72712698182127,2.9541711158667283,1.346867495100014
hgb_raw,2024-03-02::Bahrain Grand Prix,2024-03-02,Bahrain Grand Prix,development,37,0.1373971191831385,1.3698993788138296,2.7309403739047085,1.652555709773413,1.871956500923261
hgb_track_pca4,2024-03-02::Bahrain Grand Prix,2024-03-02,Bahrain Grand Prix,development,28,0.15852689354854851,1.412553856310441,2.6101422648703148,1.6155934714123832,3.0773830040125176
hgb_track_pca4_age_interactions,2024-03-02::Bahrain Grand Prix,2024-03-02,Bahrain Grand Prix,development,32,0.15143222631267164,1.3946637148196337,2.5590410041171947,1.5997002857151694,1.5514558920403942
hgb_raw,2024-03-09::Saudi Arabian Grand Prix,2024-03-09,Saudi Arabian Grand Prix,development,37,0.033161593447273575,1.3236538547386036,5.719759547669429,2.39160187900692,1.3248134519672021
hgb_track_pca4,2024-03-09::Saudi Arabian Grand Prix,2024-03-09,Saudi Arabian Grand Prix,development,28,0.03564175661689182,1.3163583276069484,5.711406629151793,2.389854938934954,1.3076185620157048
hgb_track_pca4_age_interactions,2024-03-09::Saudi Arabian Grand Prix,2024-03-09,Saudi Arabian Grand Prix,development,32,0.034745881741535214,1.3167307300652942,5.706691578563692,2.3888682631245475,1.4453066600253806
hgb_raw,2024-03-24::Australian Grand Prix,2024-03-24,Australian Grand Prix,development,37,0.2101678264875002,2.1154050919998246,21.05502469186477,4.588575453434842,1.3992643230594695
hgb_track_pca4,2024-03-24::Australian Grand Prix,2024-03-24,Australian Grand Prix,development,28,0.21132888219627313,2.00303029917837,20.75237068209076,4.555476998305529,1.3006688370369375
hgb_track_pca4_age_interactions,2024-03-24::Australian Grand Prix,2024-03-24,Australian Grand Prix,development,32,0.21035093106244843,2.018646844936423,20.796855502072802,4.560356948975903,1.3426781919552013
hgb_raw,2024-04-07::Japanese Grand Prix,2024-04-07,Japanese Grand Prix,development,37,0.0686716661014878,0.9888142115905153,1.6052669454927342,1.266991296533932,1.4744787629460916
hgb_track_pca4,2024-04-07::Japanese Grand Prix,2024-04-07,Japanese Grand Prix,development,28,0.047574982136520456,0.9660936593099119,1.4606736051301283,1.2085833050022363,1.3086344010662287
hgb_track_pca4_age_interactions,2024-04-07::Japanese Grand Prix,2024-04-07,Japanese Grand Prix,development,32,0.05020089181685675,0.9643378789264654,1.4571087946747494,1.2071076152003803,1.4260710430098698
hgb_raw,2024-04-21::Chinese Grand Prix,2024-04-21,Chinese Grand Prix,development,37,0.04227348285726746,2.1988273256422297,5.809120377992278,2.4102116873818944,1.315349564072676
hgb_track_pca4,2024-04-21::Chinese Grand Prix,2024-04-21,Chinese Grand Prix,development,28,0.04501719017255088,1.985593667207447,4.841296408657556,2.2002946186039622,1.2519937100587413
hgb_track_pca4_age_interactions,2024-04-21::Chinese Grand Prix,2024-04-21,Chinese Grand Prix,development,32,0.04343491550841331,1.9500340510184402,4.655264364664938,2.1576061653288208,1.3893561839358881
hgb_raw,2024-05-05::Miami Grand Prix,2024-05-05,Miami Grand Prix,development,37,0.013659995456356286,1.1423106385416066,1.7857776512954604,1.3363299185812838,1.4153206839691848
hgb_track_pca4,2024-05-05::Miami Grand Prix,2024-05-05,Miami Grand Prix,development,28,0.013461425135765209,1.136449542461705,1.7861575944038197,1.3364720701921982,1.2931105290772393
hgb_track_pca4_age_interactions,2024-05-05::Miami Grand Prix,2024-05-05,Miami Grand Prix,development,32,0.013788442715416833,1.1060374021584691,1.709708046095913,1.3075580469317272,1.5869566740002483
hgb_raw,2024-05-19::Emilia Romagna Grand Prix,2024-05-19,Emilia Romagna Grand Prix,development,37,0.10912731273917357,1.1633813169006417,3.1080530212921214,1.7629671072632414,1.575123731046915
hgb_track_pca4,2024-05-19::Emilia Romagna Grand Prix,2024-05-19,Emilia Romagna Grand Prix,development,28,0.11675033800949132,1.2678109305407466,3.4144619662224485,1.8478262813972661,1.7096489178948104
hgb_track_pca4_age_interactions,2024-05-19::Emilia Romagna Grand Prix,2024-05-19,Emilia Romagna Grand Prix,development,32,0.11183421193331176,1.2235507359501958,3.2591923861263083,1.8053233466961836,2.593020502012223
hgb_raw,2024-05-26::Monaco Grand Prix,2024-05-26,Monaco Grand Prix,development,37,0.04754234109558716,2.8724962476345177,23.67733479681936,4.8659361685927776,1.7130904420046136
hgb_track_pca4,2024-05-26::Monaco Grand Prix,2024-05-26,Monaco Grand Prix,development,28,0.03533181850728776,2.8093259488886964,23.225376902756746,4.819271407874508,2.149367543985136
hgb_track_pca4_age_interactions,2024-05-26::Monaco Grand Prix,2024-05-26,Monaco Grand Prix,development,32,0.03229379795678368,2.811119924939639,22.989955780776835,4.794784226717281,1.6007053219946101
hgb_raw,2024-06-09::Canadian Grand Prix,2024-06-09,Canadian Grand Prix,development,37,0.18185445990624743,4.583936155006178,42.09098226858203,6.48775633548163,1.468524719006382
hgb_track_pca4,2024-06-09::Canadian Grand Prix,2024-06-09,Canadian Grand Prix,development,28,0.20562071015528693,4.866423154504678,45.463455091198185,6.742659348595195,4.187780332984403
hgb_track_pca4_age_interactions,2024-06-09::Canadian Grand Prix,2024-06-09,Canadian Grand Prix,development,32,0.22004723805991128,4.9784095606823255,47.17307503595566,6.868265795377728,1.5711144789820537
hgb_raw,2024-06-23::Spanish Grand Prix,2024-06-23,Spanish Grand Prix,development,37,0.03286353032968315,2.522707596750694,9.139262634224059,3.023121339646171,1.4766556000104174
hgb_track_pca4,2024-06-23::Spanish Grand Prix,2024-06-23,Spanish Grand Prix,development,28,0.05109903175246181,1.3688279562866932,3.4194201036003515,1.8491674082138565,1.4116644610185176
hgb_track_pca4_age_interactions,2024-06-23::Spanish Grand Prix,2024-06-23,Spanish Grand Prix,development,32,0.0487895261950273,1.2809243495823754,3.1913752173562386,1.7864420554152431,1.6013309669215232
hgb_raw,2024-06-30::Austrian Grand Prix,2024-06-30,Austrian Grand Prix,development,37,0.22677693965803566,0.7145922090013367,0.83655521727512,0.914633925281104,1.547214689082466
hgb_track_pca4,2024-06-30::Austrian Grand Prix,2024-06-30,Austrian Grand Prix,development,28,0.22261713682412176,0.7136848872525569,0.8389468249921561,0.915940404716462,1.6782570170471445
hgb_track_pca4_age_interactions,2024-06-30::Austrian Grand Prix,2024-06-30,Austrian Grand Prix,development,32,0.20647160235276563,0.6989111800666581,0.8112049341064256,0.9006691590736443,1.572826831950806
hgb_raw,2024-07-07::British Grand Prix,2024-07-07,British Grand Prix,development,37,0.1731969645318692,2.4430499225724236,11.428313918739196,3.3805789324817126,1.647031822009012
hgb_track_pca4,2024-07-07::British Grand Prix,2024-07-07,British Grand Prix,development,28,0.08399108741899071,2.1750405650014675,8.883852193260307,2.980579170775423,1.5936693389667198
hgb_track_pca4_age_interactions,2024-07-07::British Grand Prix,2024-07-07,British Grand Prix,development,32,0.08975303857007512,2.155722457003745,8.472011461443579,2.910671994822429,2.4461730109760538
hgb_raw,2024-07-21::Hungarian Grand Prix,2024-07-21,Hungarian Grand Prix,development,37,0.023948620992015102,1.015212931524586,1.7526480105025777,1.3238761311023692,1.7822106080129743
hgb_track_pca4,2024-07-21::Hungarian Grand Prix,2024-07-21,Hungarian Grand Prix,development,28,0.019875678864681365,1.000323811202331,1.6772475221744698,1.2950859130476517,1.4587045849766582
hgb_track_pca4_age_interactions,2024-07-21::Hungarian Grand Prix,2024-07-21,Hungarian Grand Prix,development,32,0.022549139889714794,1.0395564608392611,1.7643663502928553,1.328294526937778,1.8678175250533968
hgb_raw,2024-07-28::Belgian Grand Prix,2024-07-28,Belgian Grand Prix,development,37,0.013355257487791386,4.304870083101372,20.201431519817056,4.494600262516908,1.6454622369492427
hgb_track_pca4,2024-07-28::Belgian Grand Prix,2024-07-28,Belgian Grand Prix,development,28,0.01362830326675233,3.8881866136881187,16.487772610806545,4.0605138358102595,1.646814691950567
hgb_track_pca4_age_interactions,2024-07-28::Belgian Grand Prix,2024-07-28,Belgian Grand Prix,development,32,0.014138684046447697,3.8426348014940603,16.219614484799095,4.027358251360201,1.8519335190067068
hgb_raw,2024-08-25::Dutch Grand Prix,2024-08-25,Dutch Grand Prix,development,37,0.06247347720060085,0.8353694642089871,1.3761312378486255,1.173086202224127,1.7172934730770066
hgb_track_pca4,2024-08-25::Dutch Grand Prix,2024-08-25,Dutch Grand Prix,development,28,0.059990812877037024,0.8994831008220449,1.4895703097422388,1.2204795408945777,1.8447132839355618
hgb_track_pca4_age_interactions,2024-08-25::Dutch Grand Prix,2024-08-25,Dutch Grand Prix,development,32,0.06478433834740627,0.8747686671565076,1.460162701055069,1.2083719216594984,1.8164085840107873
hgb_raw,2024-09-01::Italian Grand Prix,2024-09-01,Italian Grand Prix,development,37,0.15675828092471736,3.130984259371105,12.030433776180296,3.4684915707235464,2.666300715995021
hgb_track_pca4,2024-09-01::Italian Grand Prix,2024-09-01,Italian Grand Prix,development,28,0.1562298339923314,3.1247361753681604,11.742207539889023,3.4266904645574603,2.646159420022741
hgb_track_pca4_age_interactions,2024-09-01::Italian Grand Prix,2024-09-01,Italian Grand Prix,development,32,0.16206190317237942,3.1023893291507325,11.836296855262354,3.4403919624459003,2.04690318799112
hgb_raw,2024-09-15::Azerbaijan Grand Prix,2024-09-15,Azerbaijan Grand Prix,development,37,0.1395193138121427,1.1916172334341022,3.1670064081182048,1.779608498551916,1.7894514210056514
hgb_track_pca4,2024-09-15::Azerbaijan Grand Prix,2024-09-15,Azerbaijan Grand Prix,development,28,0.13601253996155319,1.2862991900572442,3.4632437752194316,1.8609792516896666,1.680341823026538
hgb_track_pca4_age_interactions,2024-09-15::Azerbaijan Grand Prix,2024-09-15,Azerbaijan Grand Prix,development,32,0.14180445548437462,1.3231809042505795,3.5872480526873414,1.8940031818049676,2.0566250550327823
hgb_raw,2024-09-22::Singapore Grand Prix,2024-09-22,Singapore Grand Prix,development,37,0.051131759461227666,1.4484576067928752,3.643255835432418,1.908731472845884,2.125591063988395
hgb_track_pca4,2024-09-22::Singapore Grand Prix,2024-09-22,Singapore Grand Prix,development,28,0.05238911761434376,1.2373821324602103,3.048410161472374,1.745969690880221,1.549157305038534
hgb_track_pca4_age_interactions,2024-09-22::Singapore Grand Prix,2024-09-22,Singapore Grand Prix,development,32,0.03976110663996319,1.3027455173586389,3.2490030113609816,1.8024991016255685,1.7091075079515576
hgb_raw,2024-10-20::United States Grand Prix,2024-10-20,United States Grand Prix,development,37,0.44785188661438835,1.5082254757112126,3.046842849731823,1.7455207961327253,1.8671969409333542
hgb_track_pca4,2024-10-20::United States Grand Prix,2024-10-20,United States Grand Prix,development,28,0.43186230194804237,1.141996094018885,1.8629211978754263,1.3648887126339004,1.6545942010125145
hgb_track_pca4_age_interactions,2024-10-20::United States Grand Prix,2024-10-20,United States Grand Prix,development,32,0.45385493277409855,1.2863788268717418,2.354148822730056,1.5343235717181876,1.9992016800679266
hgb_raw,2024-10-27::Mexico City Grand Prix,2024-10-27,Mexico City Grand Prix,development,37,0.570356300478653,2.8569845589469844,11.816564993843059,3.4375230899359877,3.0385900520486757
hgb_track_pca4,2024-10-27::Mexico City Grand Prix,2024-10-27,Mexico City Grand Prix,development,28,0.5726993815836299,2.3790485809693,8.85370773559287,2.975518061715114,1.9310832599876449
hgb_track_pca4_age_interactions,2024-10-27::Mexico City Grand Prix,2024-10-27,Mexico City Grand Prix,development,32,0.5549589518268901,2.4080233631690926,8.95807925153435,2.9930050537101254,1.9643316039582714
hgb_raw,2024-11-03::São Paulo Grand Prix,2024-11-03,São Paulo Grand Prix,development,37,0.03509399015547071,2.1145975201329232,7.813319980096345,2.7952316505249337,1.8501035179942846
hgb_track_pca4,2024-11-03::São Paulo Grand Prix,2024-11-03,São Paulo Grand Prix,development,28,0.06762195692266139,2.2773591851169113,8.313691192027159,2.8833472201639467,1.7649742449866608
hgb_track_pca4_age_interactions,2024-11-03::São Paulo Grand Prix,2024-11-03,São Paulo Grand Prix,development,32,0.08348448783140472,2.4305536428962147,8.641429820132327,2.9396308986218536,2.061795194982551
hgb_raw,2024-11-23::Las Vegas Grand Prix,2024-11-23,Las Vegas Grand Prix,development,37,0.0848566177529515,1.637368478661281,14.705927258219576,3.8348307991643615,2.051296174991876
hgb_track_pca4,2024-11-23::Las Vegas Grand Prix,2024-11-23,Las Vegas Grand Prix,development,28,0.08650935228466705,1.6541254120736832,14.80741499225386,3.8480404093842178,1.7637043660506606
hgb_track_pca4_age_interactions,2024-11-23::Las Vegas Grand Prix,2024-11-23,Las Vegas Grand Prix,development,32,0.07998305624796108,1.6780308545275866,14.735215124247171,3.838647564474651,4.03221267205663
hgb_raw,2024-12-01::Qatar Grand Prix,2024-12-01,Qatar Grand Prix,development,37,0.05667402217602868,3.0339036570231097,10.356142134222573,3.218096041795921,1.86819548800122
hgb_track_pca4,2024-12-01::Qatar Grand Prix,2024-12-01,Qatar Grand Prix,development,28,0.056568990571185966,2.8245201245750966,9.064051706913062,3.010656358157314,1.5737233998952433
hgb_track_pca4_age_interactions,2024-12-01::Qatar Grand Prix,2024-12-01,Qatar Grand Prix,development,32,0.05789385122142881,2.9152660160611066,9.593487049035593,3.097335475700944,1.7666035150177777
hgb_raw,2024-12-08::Abu Dhabi Grand Prix,2024-12-08,Abu Dhabi Grand Prix,development,37,0.0902941037478769,1.427194329537515,2.915004028930484,1.7073382877832044,1.9287329969229177
hgb_track_pca4,2024-12-08::Abu Dhabi Grand Prix,2024-12-08,Abu Dhabi Grand Prix,development,28,0.09859177986122876,1.4743137463864746,3.04120261663659,1.7439044172879974,1.7649658509762958
hgb_track_pca4_age_interactions,2024-12-08::Abu Dhabi Grand Prix,2024-12-08,Abu Dhabi Grand Prix,development,32,0.08818793686044842,1.400530608991456,2.8527093206327545,1.6889965425165188,2.0112163909943774
hgb_raw,2025-final,,,final_2025,37,0.0312442636603732,2.0032089901841044,8.778618879739614,2.9628734160843955,0.0
hgb_track_pca4,2025-final,,,final_2025,28,0.03141914086489627,1.9853803251601858,8.828653216458886,2.9713049686053576,0.0
hgb_track_pca4_age_interactions,2025-final,,,final_2025,32,0.030281228521722357,2.0073212275988803,8.897620434375145,2.9828879352692996,0.0
