variant,fold,split,n_features,degradation_slope_error,mae,mse,rmse,runtime_seconds
hgb_raw,2022-06-12::Azerbaijan Grand Prix,development,37,0.13104755437420054,1.226994749085474,6.8222961772054935,2.6119525602900016,0.5868503019446507
hgb_track_pca4,2022-06-12::Azerbaijan Grand Prix,development,28,0.11102258459027027,1.2377627254395533,6.875475528169765,2.6221127985214068,0.4466296499595046
hgb_raw,2022-06-19::Canadian Grand Prix,development,37,0.05891442167809288,1.1649661922293424,3.486143199093676,1.8671216347880701,0.4378197540063411
hgb_track_pca4,2022-06-19::Canadian Grand Prix,development,28,0.06824592387937102,1.2046249618477585,3.5766287421486074,1.8911977004397524,0.946580282994546
hgb_raw,2022-07-03::British Grand Prix,development,37,0.0524985528318803,3.673786510560019,17.534509887089076,4.18742282162777,0.540279982960783
hgb_track_pca4,2022-07-03::British Grand Prix,development,28,0.03738799059393073,1.2640267816558453,6.482130682914687,2.5460028835244253,0.4719122600508854
hgb_raw,2022-07-10::Austrian Grand Prix,development,37,0.031218856703643452,1.174330864509465,1.810352816772419,1.3454935216389632,0.48045660194475204
hgb_track_pca4,2022-07-10::Austrian Grand Prix,development,28,0.03320653132070787,1.204327136677244,1.8661397929456571,1.3660672724817242,0.5403007880086079
hgb_raw,2022-07-24::French Grand Prix,development,37,0.29780154601428827,2.9757622883283577,10.647495762055634,3.2630500704181102,0.5623611459741369
hgb_track_pca4,2022-07-24::French Grand Prix,development,28,0.2548715863332511,0.8614905353560333,1.3642951661085259,1.1680304645464201,0.5582146910019219
hgb_raw,2022-07-31::Hungarian Grand Prix,development,37,0.07596016037867674,3.298003910596647,17.152826305196594,4.141597071806551,0.5174718589987606
hgb_track_pca4,2022-07-31::Hungarian Grand Prix,development,28,0.04944140398776566,3.874266180479442,21.32640649726093,4.618052240637922,0.5644129469292238
hgb_raw,2022-08-28::Belgian Grand Prix,development,37,0.17139763738514976,1.301428273672299,3.913210035666191,1.978183519208011,0.5356079509947449
hgb_track_pca4,2022-08-28::Belgian Grand Prix,development,28,0.20408170653469948,1.349096247924229,4.177569505891911,2.0439103468332243,0.5494686280144379
hgb_raw,2022-09-04::Dutch Grand Prix,development,37,0.06501277551138387,2.6856763137426074,16.720122882340508,4.089024685953914,0.5958208610536531
hgb_track_pca4,2022-09-04::Dutch Grand Prix,development,28,0.14440558791545974,3.840536503820056,30.831344850569394,5.552598027101313,0.5835948729654774
hgb_raw,2022-09-11::Italian Grand Prix,development,37,0.03267296278535197,1.0812181037631592,2.116745416337176,1.4549039199676301,0.6653853229945526
hgb_track_pca4,2022-09-11::Italian Grand Prix,development,28,0.032248187411927275,0.9526089105507832,1.9069442000577685,1.3809215039450173,0.5887003130046651
hgb_raw,2022-10-02::Singapore Grand Prix,development,37,0.06836198795592209,13.836618818419677,201.22140803818525,14.185253189075803,1.6062679949682206
hgb_track_pca4,2022-10-02::Singapore Grand Prix,development,28,0.058250060015354405,14.918100371963018,237.70065555670564,15.417543758871114,0.9913362610386685
hgb_raw,2022-10-09::Japanese Grand Prix,development,37,0.11330576657653274,11.351769318132016,143.2992295148093,11.970765619408363,0.7123827460454777
hgb_track_pca4,2022-10-09::Japanese Grand Prix,development,28,0.19346095993047877,9.091586113998524,98.48861181107094,9.92414287538581,0.6503471340984106
hgb_raw,2022-10-23::United States Grand Prix,development,37,0.07657350693912796,1.8008638014253764,4.155688042382543,2.038550475799543,0.6341382999671623
hgb_track_pca4,2022-10-23::United States Grand Prix,development,28,0.08947909153844492,1.6426738161889531,3.547257890645802,1.8834165473006237,0.6431872129905969
hgb_raw,2022-10-30::Mexico City Grand Prix,development,37,0.05155634346121559,7.385848750502046,58.17844100804452,7.627479335143723,0.7876084611052647
hgb_track_pca4,2022-10-30::Mexico City Grand Prix,development,28,0.00337697467375696,1.579927104371981,4.677135682347603,2.162668648301816,0.657146486104466
hgb_raw,2022-11-13::São Paulo Grand Prix,development,37,0.049963904596935595,1.1806677148221736,2.9299420937763285,1.7117073621902572,1.2197830480290577
hgb_track_pca4,2022-11-13::São Paulo Grand Prix,development,28,0.06272540129228833,1.1205927400298836,1.7916117083878105,1.3385110042087105,1.1190862680086866
hgb_raw,2022-11-20::Abu Dhabi Grand Prix,development,37,0.1000596386050943,1.47431256581396,3.991084263199433,1.9977698223768006,0.997994703007862
hgb_track_pca4,2022-11-20::Abu Dhabi Grand Prix,development,28,0.11647080300500438,2.1601115109160913,6.641862875872359,2.577181188017707,1.640112682012841
hgb_raw,2023-03-05::Bahrain Grand Prix,development,37,0.14659310510020032,1.3202608197373693,2.573724456445329,1.6042831596838911,1.0132843559840694
hgb_track_pca4,2023-03-05::Bahrain Grand Prix,development,28,0.19854421913066522,3.4689479275603867,15.300930277178322,3.9116403563183466,0.885397006990388
hgb_raw,2023-03-19::Saudi Arabian Grand Prix,development,37,0.05292167267739778,0.9970244143799506,2.8419106401775953,1.6857967375035448,0.8254703109851107
hgb_track_pca4,2023-03-19::Saudi Arabian Grand Prix,development,28,0.04967898896812048,0.9898894490224547,2.8213106101988843,1.6796757455529576,0.808915231958963
hgb_raw,2023-04-02::Australian Grand Prix,development,37,0.5736070946177182,2.448864593549981,18.99677710848535,4.358529236851044,0.8164455950027332
hgb_track_pca4,2023-04-02::Australian Grand Prix,development,28,0.5800077658592375,2.4765783079945316,19.463719377540645,4.41177054905858,0.7956125630298629
hgb_raw,2023-04-30::Azerbaijan Grand Prix,development,37,0.11416381643665412,1.872751885779667,4.440340924607622,2.1072116468469946,0.8988046220038086
hgb_track_pca4,2023-04-30::Azerbaijan Grand Prix,development,28,0.12135129762901893,2.0248541706283922,5.012126828146649,2.2387779765190317,0.8242303089937195
hgb_raw,2023-05-07::Miami Grand Prix,development,37,0.06263866213314583,2.233674965130077,23.75974055363656,4.874396429675839,0.8484906109515578
hgb_track_pca4,2023-05-07::Miami Grand Prix,development,28,0.06625522987745285,2.2103260979871884,23.597209901822794,4.857695945798048,0.8214697730727494
hgb_raw,2023-05-28::Monaco Grand Prix,development,37,0.27989619020467893,6.4273757647256895,77.38672608044108,8.796972551988615,0.9322646879591048
hgb_track_pca4,2023-05-28::Monaco Grand Prix,development,28,0.2474275679124668,4.274848469061881,59.20481085139735,7.694466248635921,0.880161946057342
hgb_raw,2023-06-04::Spanish Grand Prix,development,37,0.011574611811880195,5.069108137217297,27.209799683338662,5.216301341308673,1.12906699499581
hgb_track_pca4,2023-06-04::Spanish Grand Prix,development,28,0.014032467076987264,3.0269672680724313,10.590474170354192,3.254300872745818,0.99749737593811
hgb_raw,2023-06-18::Canadian Grand Prix,development,37,0.060629805947254777,1.55329012816664,3.1996599185392114,1.7887593238161503,1.0490752320038155
hgb_track_pca4,2023-06-18::Canadian Grand Prix,development,28,0.059460191301580013,1.0520430570234824,1.7623692579760541,1.327542563527081,0.9299416610738263
hgb_raw,2023-07-02::Austrian Grand Prix,development,37,0.09314191662939397,1.3395774633951811,3.771272216675253,1.941976368722146,0.9391559759387746
hgb_track_pca4,2023-07-02::Austrian Grand Prix,development,28,0.06769809181577394,1.2945137929190778,3.6584200780442337,1.9126996831819243,0.939867701032199
hgb_raw,2023-07-09::British Grand Prix,development,37,0.026514929826019846,0.6561265176045105,0.7941323028865778,0.8911410117857766,1.0405076370807365
hgb_track_pca4,2023-07-09::British Grand Prix,development,28,0.029674872850021915,0.7896052865083257,1.036464823080598,1.0180691641929824,0.973741119960323
hgb_raw,2023-07-23::Hungarian Grand Prix,development,37,0.05516387652379623,1.4584673739272247,2.997283130463662,1.7312663372409405,1.0597894169623032
hgb_track_pca4,2023-07-23::Hungarian Grand Prix,development,28,0.05871067232956139,1.302222335647555,2.509864541022649,1.5842552007245074,1.004548903903924
hgb_raw,2023-07-30::Belgian Grand Prix,development,37,0.21880183538960135,1.6533523266844639,5.07119371235051,2.251931107372184,1.385050724959001
hgb_track_pca4,2023-07-30::Belgian Grand Prix,development,28,0.17116145218207043,1.443926762352556,3.576675058966253,1.891209945766533,1.3672204850008711
hgb_raw,2023-08-27::Dutch Grand Prix,development,37,0.09597466300996949,1.6426703877934354,10.249304671677256,3.201453524834814,1.1173412679927424
hgb_track_pca4,2023-08-27::Dutch Grand Prix,development,28,0.03819753640263001,1.488761981041941,9.271235614969015,3.0448703773673214,1.05100641597528
hgb_raw,2023-09-03::Italian Grand Prix,development,37,0.215924120702174,1.2608338568296886,15.592965906461224,3.9487929682956566,1.1196787860244513
hgb_track_pca4,2023-09-03::Italian Grand Prix,development,28,0.20731899585444688,1.4058508336084121,15.80496170353076,3.975545459874753,1.695734114968218
hgb_raw,2023-09-17::Singapore Grand Prix,development,37,0.13359402651595442,1.3416686675865523,3.219589993460599,1.7943215969999913,1.6654979770537466
hgb_track_pca4,2023-09-17::Singapore Grand Prix,development,28,0.1303779361680586,1.2389720015465921,3.0314905833233157,1.7411176247810818,1.1536118909716606
hgb_raw,2023-09-24::Japanese Grand Prix,development,37,0.0764127092712169,1.1941715972958191,2.1792692008095793,1.4762348054457934,1.3060334450565279
hgb_track_pca4,2023-09-24::Japanese Grand Prix,development,28,0.06946400353473044,2.013312127175598,4.97962670597902,2.23150772034941,1.1169502600096166
hgb_raw,2023-10-08::Qatar Grand Prix,development,37,0.026772738742960895,2.069559581436701,5.8448786350135045,2.4176183807651497,1.229205001029186
hgb_track_pca4,2023-10-08::Qatar Grand Prix,development,28,0.045628784780959185,2.3590932570899468,8.05015527643272,2.837279555565986,1.1252752500586212
hgb_raw,2023-10-22::United States Grand Prix,development,37,0.011988874366615393,1.0027400579540082,1.6168386599281468,1.2715497080052147,1.3326100759441033
hgb_track_pca4,2023-10-22::United States Grand Prix,development,28,0.024294131239076328,0.8642049049191415,1.281549504226877,1.1320554333719162,1.1733845949638635
hgb_raw,2023-10-29::Mexico City Grand Prix,development,37,0.1597723371234692,1.1571366577476845,2.424758504766982,1.5571636088629166,1.30309333500918
hgb_track_pca4,2023-10-29::Mexico City Grand Prix,development,28,0.1582070687206598,1.2365930350799794,2.570605695336284,1.6033108542438936,1.2995743970386684
hgb_raw,2023-11-05::São Paulo Grand Prix,development,37,0.04671165607384849,0.8156348698366506,1.0739467525931894,1.0363140221926892,1.3016078940127045
hgb_track_pca4,2023-11-05::São Paulo Grand Prix,development,28,0.05102877320740439,0.8514695037326823,1.1245059083659943,1.0604272291703916,1.1603674869984388
hgb_raw,2023-11-18::Las Vegas Grand Prix,development,37,0.09044878796405838,2.2823949466056477,15.318176017137995,3.9138441482943587,1.4248600050341338
hgb_track_pca4,2023-11-18::Las Vegas Grand Prix,development,28,0.09423039999952226,2.2925545129043474,15.732817895694014,3.966461634214305,1.691163012990728
hgb_raw,2023-11-26::Abu Dhabi Grand Prix,development,37,0.2632240717603499,1.3839884543593637,8.864219116512398,2.977283848831414,1.4001878870185465
hgb_track_pca4,2023-11-26::Abu Dhabi Grand Prix,development,28,0.2573872791329418,1.264730219498791,8.659750543605414,2.942745409240394,1.2990174549631774
hgb_raw,2024-03-02::Bahrain Grand Prix,development,37,0.1373971191831385,1.3698993788138296,2.7309403739047085,1.652555709773413,1.3782354770228267
hgb_track_pca4,2024-03-02::Bahrain Grand Prix,development,28,0.15852689354854851,1.412553856310441,2.6101422648703148,1.6155934714123832,1.28930408495944
hgb_raw,2024-03-09::Saudi Arabian Grand Prix,development,37,0.033161593447273575,1.3236538547386036,5.719759547669429,2.39160187900692,1.3970844169380143
hgb_track_pca4,2024-03-09::Saudi Arabian Grand Prix,development,28,0.03564175661689182,1.3163583276069484,5.711406629151793,2.389854938934954,1.2415088070556521
hgb_raw,2024-03-24::Australian Grand Prix,development,37,0.2101678264875002,2.1154050919998246,21.05502469186477,4.588575453434842,1.8083613970084116
hgb_track_pca4,2024-03-24::Australian Grand Prix,development,28,0.21132888219627313,2.00303029917837,20.75237068209076,4.555476998305529,1.8024338349932805
hgb_raw,2024-04-07::Japanese Grand Prix,development,37,0.0686716661014878,0.9888142115905153,1.6052669454927342,1.266991296533932,1.9920342500554398
hgb_track_pca4,2024-04-07::Japanese Grand Prix,development,28,0.047574982136520456,0.9660936593099119,1.4606736051301283,1.2085833050022363,1.521977950935252
hgb_raw,2024-04-21::Chinese Grand Prix,development,37,0.04227348285726746,2.1988273256422297,5.809120377992278,2.4102116873818944,1.5991620679851621
hgb_track_pca4,2024-04-21::Chinese Grand Prix,development,28,0.04501719017255088,1.985593667207447,4.841296408657556,2.2002946186039622,1.5325805919710547
hgb_raw,2024-05-05::Miami Grand Prix,development,37,0.013659995456356286,1.1423106385416066,1.7857776512954604,1.3363299185812838,1.5383624220266938
hgb_track_pca4,2024-05-05::Miami Grand Prix,development,28,0.013461425135765209,1.136449542461705,1.7861575944038197,1.3364720701921982,1.3694377270294353
hgb_raw,2024-05-19::Emilia Romagna Grand Prix,development,37,0.10912731273917357,1.1633813169006417,3.1080530212921214,1.7629671072632414,1.576297877007164
hgb_track_pca4,2024-05-19::Emilia Romagna Grand Prix,development,28,0.11675033800949132,1.2678109305407466,3.4144619662224485,1.8478262813972661,1.6985606959788129
hgb_raw,2024-05-26::Monaco Grand Prix,development,37,0.04754234109558716,2.8724962476345177,23.67733479681936,4.8659361685927776,1.6136155609274283
hgb_track_pca4,2024-05-26::Monaco Grand Prix,development,28,0.03533181850728776,2.8093259488886964,23.225376902756746,4.819271407874508,1.5388515830272809
hgb_raw,2024-06-09::Canadian Grand Prix,development,37,0.18185445990624743,4.583936155006178,42.09098226858203,6.48775633548163,1.8448217150289565
hgb_track_pca4,2024-06-09::Canadian Grand Prix,development,28,0.20562071015528693,4.866423154504678,45.463455091198185,6.742659348595195,1.3568471489707008
hgb_raw,2024-06-23::Spanish Grand Prix,development,37,0.03286353032968315,2.522707596750694,9.139262634224059,3.023121339646171,1.912280124030076
hgb_track_pca4,2024-06-23::Spanish Grand Prix,development,28,0.05109903175246181,1.3688279562866932,3.4194201036003515,1.8491674082138565,1.4545314359711483
hgb_raw,2024-06-30::Austrian Grand Prix,development,37,0.22677693965803566,0.7145922090013367,0.83655521727512,0.914633925281104,1.7590789359528571
hgb_track_pca4,2024-06-30::Austrian Grand Prix,development,28,0.22261713682412176,0.7136848872525569,0.8389468249921561,0.915940404716462,1.5253271330147982
hgb_raw,2024-07-07::British Grand Prix,development,37,0.1731969645318692,2.4430499225724236,11.428313918739196,3.3805789324817126,2.7015740659553558
hgb_track_pca4,2024-07-07::British Grand Prix,development,28,0.08399108741899071,2.1750405650014675,8.883852193260307,2.980579170775423,1.784946494968608
hgb_raw,2024-07-21::Hungarian Grand Prix,development,37,0.023948620992015102,1.015212931524586,1.7526480105025777,1.3238761311023692,1.9132827590219676
hgb_track_pca4,2024-07-21::Hungarian Grand Prix,development,28,0.019875678864681365,1.000323811202331,1.6772475221744698,1.2950859130476517,1.6287500930484384
hgb_raw,2024-07-28::Belgian Grand Prix,development,37,0.013355257487791386,4.304870083101372,20.201431519817056,4.494600262516908,1.7964772380655631
hgb_track_pca4,2024-07-28::Belgian Grand Prix,development,28,0.01362830326675233,3.8881866136881187,16.487772610806545,4.0605138358102595,1.666173995938152
hgb_raw,2024-08-25::Dutch Grand Prix,development,37,0.06247347720060085,0.8353694642089871,1.3761312378486255,1.173086202224127,1.8042159109609202
hgb_track_pca4,2024-08-25::Dutch Grand Prix,development,28,0.059990812877037024,0.8994831008220449,1.4895703097422388,1.2204795408945777,1.8004965719301254
hgb_raw,2024-09-01::Italian Grand Prix,development,37,0.15675828092471736,3.130984259371105,12.030433776180296,3.4684915707235464,1.8650001359637827
hgb_track_pca4,2024-09-01::Italian Grand Prix,development,28,0.1562298339923314,3.1247361753681604,11.742207539889023,3.4266904645574603,1.7167140720412135
hgb_raw,2024-09-15::Azerbaijan Grand Prix,development,37,0.1395193138121427,1.1916172334341022,3.1670064081182048,1.779608498551916,2.0031320999842137
hgb_track_pca4,2024-09-15::Azerbaijan Grand Prix,development,28,0.13601253996155319,1.2862991900572442,3.4632437752194316,1.8609792516896666,1.7074865099275485
hgb_raw,2024-09-22::Singapore Grand Prix,development,37,0.051131759461227666,1.4484576067928752,3.643255835432418,1.908731472845884,2.7155274760443717
hgb_track_pca4,2024-09-22::Singapore Grand Prix,development,28,0.05238911761434376,1.2373821324602103,3.048410161472374,1.745969690880221,2.169251740910113
hgb_raw,2024-10-20::United States Grand Prix,development,37,0.44785188661438835,1.5082254757112126,3.046842849731823,1.7455207961327253,1.8014090210199356
hgb_track_pca4,2024-10-20::United States Grand Prix,development,28,0.43186230194804237,1.141996094018885,1.8629211978754263,1.3648887126339004,2.728071747929789
hgb_raw,2024-10-27::Mexico City Grand Prix,development,37,0.570356300478653,2.8569845589469844,11.816564993843059,3.4375230899359877,2.099896847968921
hgb_track_pca4,2024-10-27::Mexico City Grand Prix,development,28,0.5726993815836299,2.3790485809693,8.85370773559287,2.975518061715114,1.8333143210038543
hgb_raw,2024-11-03::São Paulo Grand Prix,development,37,0.03509399015547071,2.1145975201329232,7.813319980096345,2.7952316505249337,2.0999935150612146
hgb_track_pca4,2024-11-03::São Paulo Grand Prix,development,28,0.06762195692266139,2.2773591851169113,8.313691192027159,2.8833472201639467,2.033601697999984
hgb_raw,2024-11-23::Las Vegas Grand Prix,development,37,0.0848566177529515,1.637368478661281,14.705927258219576,3.8348307991643615,2.130674620042555
hgb_track_pca4,2024-11-23::Las Vegas Grand Prix,development,28,0.08650935228466705,1.6541254120736832,14.80741499225386,3.8480404093842178,1.938998676952906
hgb_raw,2024-12-01::Qatar Grand Prix,development,37,0.05667402217602868,3.0339036570231097,10.356142134222573,3.218096041795921,2.2068084169877693
hgb_track_pca4,2024-12-01::Qatar Grand Prix,development,28,0.056568990571185966,2.8245201245750966,9.064051706913062,3.010656358157314,1.8490536380559206
hgb_raw,2024-12-08::Abu Dhabi Grand Prix,development,37,0.0902941037478769,1.427194329537515,2.915004028930484,1.7073382877832044,1.9802415060112253
hgb_track_pca4,2024-12-08::Abu Dhabi Grand Prix,development,28,0.09859177986122876,1.4743137463864746,3.04120261663659,1.7439044172879974,1.7430662619881332
hgb_raw,2025-final,final_2025,37,0.0312442636603732,2.0032089901841044,8.778618879739614,2.9628734160843955,0.0
hgb_track_pca4,2025-final,final_2025,28,0.03141914086489627,1.9853803251601858,8.828653216458886,2.9713049686053576,0.0
