circuit,reference_season,pirelli_event_code,pirelli_traction,pirelli_tyre_stress,pirelli_asphalt_grip,pirelli_braking,pirelli_asphalt_abrasion,pirelli_lateral,pirelli_article_url,pirelli_graphic_url,mercedes_source_year,mercedes_asset_id,mercedes_page_url,mercedes_turn_speeds_kmh,mercedes_missing_turns,notes
"Albert Park Grand Prix Circuit (Australia)",2025,AU,2,3,2,2,2,3,https://press.pirelli.com/under-starters-orders-in-melbourne-and-something-new-on-the-podium/,https://content.presspage.com/uploads/2363/81902837-2f98-49a9-a6a3-970ca66ead9e/1920_trackcharacteristics-au25-en.jpg?10000,2025,M487122,https://media.mercedesamgf1.com/marsF1/en/instance/picture/ENGLISH-2025-Australian-Grand-Prix---Track-Map.xhtml?oid=193790368,"1:175;2:195;3:100;4:145;5:220;6:230;7:250;8:280;9:190;10:200;11:95;12:180;13:75;14:120",,
"Shanghai International Circuit (China)",2025,CN,3,4,3,4,3,4,https://press.pirelli.com/a-chinese-weekend-that-presents-many-challenges-as-well-as-something-new/,https://content.presspage.com/uploads/2363/05f8ceee-af69-4837-a554-12c011c4710f/1920_trackcharacteristics-cn25-en.jpg?10000,2025,M490780,https://media.mercedesamgf1.com/marsF1/en/instance/picture/ENGLISH-2025-Chinese-Grand-Prix---Track-Map.xhtml?oid=193820809,"1:310;2:100;3:95;4:220;5:280;6:80;7:270;8:185;9:120;10:200;11:95;12:105;13:225;14:75;15:195;16:180",,
"Suzuka Circuit (Japan)",2025,JP,3,5,4,2,4,5,https://press.pirelli.com/to-suzuka-for-something-new-and-something-old/,https://content.presspage.com/uploads/2363/1f8c6343-f5bd-4d4c-9a63-fd36e6444ca9/1920_trackcharacteristics-jp25-en.jpg?10000,2025,M493716,https://media.mercedesamgf1.com/marsF1/en/instance/picture/ENGLISH-2025-Japanese-Grand-Prix---Track-Map.xhtml?oid=193859136,"1:265;2:165;3:230;4:225;5:215;6:190;7:210;8:260;9:140;10:250;11:70;12:175;13:220;14:155;15:300;16:85;17:95;18:135",,
"Bahrain International Circuit (Bahrain)",2025,BH,4,3,3,4,5,3,https://press.pirelli.com/in-bahrain-with-prior-knowledge/,https://content.presspage.com/uploads/2363/d503c8b0-b7d6-4a43-9b54-762f880020ad/1920_trackcharacteristics-bh25-en.jpg?10000,2025,M496054,https://media.mercedesamgf1.com/marsF1/en/instance/picture/ENGLISH-2025-Bahrain-Grand-Prix---Track-Map.xhtml?oid=193888442,"1:65;2:110;3:215;4:125;5:190;6:210;7:220;8:75;9:135;10:70;11:160;12:245;13:135;14:125;15:210",,
"Jeddah Corniche Circuit (Saudi Arabia)",2025,SA,2,3,4,3,2,4,https://press.pirelli.com/a-softer-approach-for-jeddah/,https://content.presspage.com/uploads/2363/80f82fe1-66d4-4537-aa55-77cdcd7bf656/1920_trackcharacteristics-bh25-en.jpg?10000,2025,M498582,https://media.mercedesamgf1.com/marsF1/en/instance/picture/ENGLISH-2025-Saudi-Arabian-Grand-Prix---Track-Map.xhtml?oid=193919548,"1:110;2:90;3:175;4:165;5:175;6:240;7:255;8:250;9:220;10:225;11:250;12:265;13:155;14:240;15:275;16:180;17:190;18:240;19:280;20:285;21:300;22:180;23:200;24:250;25:275;26:315;27:110",,"Pirelli graphic URL has a bh25 filename but is the Saudi event asset linked by the article"
"Miami International Autodrome (Miami, USA)",2025,USMI,3,3,4,3,2,3,https://press.pirelli.com/a-sprint-n-soft-grand-prix-in-miami/,https://content.presspage.com/uploads/2363/1d05292c-564d-4562-95bb-73a5c522eb50/1920_trackcharacteristics-usmi25-en.jpg?10000,2025,M500981,https://media.mercedesamgf1.com/marsF1/en/instance/picture/ENGLISH-2025-Miami-Grand-Prix---Track-Map.xhtml?oid=193956779,"1:95;2:110;3:165;4:250;5:205;6:225;7:150;8:130;9:285;10:300;11:90;12:105;13:145;14:95;15:95;16:70;17:65;18:120;19:240",,
"Autodromo Internazionale Enzo e Dino Ferrari (Emilia-Romagna, Italy)",2025,ITER,2,3,2,3,2,3,https://press.pirelli.com/the-c6-to-make-its-debut-in-imola/,https://content.presspage.com/uploads/2363/d7bbd003-4b32-4812-82ea-23cd919241c9/1920_trackcharacteristics-iter25-en.jpg?10000,2025,M504313,https://media.mercedesamgf1.com/marsF1/en/instance/picture/ENGLISH-2025-Emilia-Romagna-Grand-Prix---Track-Map.xhtml?oid=194005113,"1:285;2:155;3:165;4:220;5:195;6:170;7:95;8:240;9:210;10:230;11:205;12:130;13:130;14:115;15:100;16:275;17:105;18:130;19:250",,
"Circuit de Monaco (Monaco)",2025,MC,5,1,2,2,1,1,https://press.pirelli.com/two-pit-stops-mandatory-in-monaco/,https://content.presspage.com/uploads/2363/d3e43488-a673-4c75-b6db-7676aa96cb63/1920_trackcharacteristics-mc25-en.jpg?10000,2024,M435222,https://media.mercedesamgf1.com/marsF1/en/instance/picture/ENGLISH-2024-Monaco-GP---Track-Map.xhtml?oid=191956907,"1:110;2:255;3:170;4:155;5:75;6:45;7:80;8:80;9:240;10:50;11:55;12:145;13:205;14:190;15:115;16:110;17:155;18:60;19:55",,"2024 Mercedes map carried forward because the 2025 search has no Monaco map and the layout is unchanged"
"Circuit de Barcelona-Catalunya (Spain)",2025,ES,3,5,3,3,4,5,https://press.pirelli.com/the-hardest-tyres-are-back-for-spain/,https://content.presspage.com/uploads/2363/c507c19d-b6e2-4387-9c32-fe49c33f230e/1920_trackcharacteristics-es25-en.jpg?10000,2024,M440153,https://media.mercedesamgf1.com/marsF1/en/instance/picture/ENGLISH-2024-Spanish-Grand-Prix---Track-Map.xhtml?oid=192055960,"1:150;2:155;3:215;4:150;5:105;6:210;7:150;8:180;9:250;10:110;11:125;12:130;13:200;14:265",,"2024 Mercedes map carried forward because the 2025 search has no Spanish map and the layout is unchanged"
"Circuit Gilles Villeneuve (Canada)",2025,CA,4,3,2,5,1,1,https://press.pirelli.com/formula-1-heads-for-montreal-with-its-overtaking-and-changeable-weather/,https://content.presspage.com/uploads/2363/72b5c427-5b93-4138-8a14-fbd9b5499863/1920_trackcharacteristics-ca25-en.jpg?10000,2025,M511842,https://media.mercedesamgf1.com/marsF1/en/instance/picture/ENGLISH-2025-Canadian-Grand-Prix---Track-Map.xhtml?oid=194092621,"1:130;2:80;3:125;4:130;5:135;6:95;7:115;8:120;9:125;10:60;11:170;12:270;13:160;14:65",,
"Red Bull Ring (Austria)",2025,AT,2,3,3,3,3,3,https://press.pirelli.com/a-hot-summer-of-formula-1-gets-underway-in-austria/,https://content.presspage.com/uploads/2363/ca46822a-aadb-4aa3-9b58-3667f3e1cd6a/1920_trackcharacteristics-at25-en.jpg?10000,2025,M517282,https://media.mercedesamgf1.com/marsF1/en/instance/picture/ENGLISH-2025-Austrian-Grand-Prix---Track-Map.xhtml?oid=194141581,"1:140;2:310;3:65;4:110;5:215;6:195;7:225;8:250;9:255;10:185",,
"Silverstone Circuit (Great Britain)",2025,GB,3,5,4,2,2,5,https://press.pirelli.com/formula-1-goes-back-to-the-cradle/,https://content.presspage.com/uploads/2363/d88ff28e-fb38-48e8-b13a-4494837e78bf/1920_trackcharacteristics-gb25-en.jpg?10000,2025,M519617,https://media.mercedesamgf1.com/marsF1/en/instance/picture/ENGLISH-2025-British-Grand-Prix---Track-Map.xhtml?oid=194167067,"1:245;2:280;3:105;4:85;5:165;6:135;7:105;8:200;9:255;10:270;11:255;12:225;13:195;14:225;15:195;16:90;17:95;18:145",,
"Circuit de Spa-Francorchamps (Belgium)",2025,BE,4,5,3,4,3,5,https://press.pirelli.com/sprint-with-a-jump-in-compounds-in-the-ardennes/,https://content.presspage.com/uploads/2363/eb5aa321-362a-4980-9247-52a7caf45293/1920_trackcharacteristics-be25-en.jpg?10000,2025,M524556,https://media.mercedesamgf1.com/marsF1/en/instance/picture/ENGLISH-2025-Belgian-Grand-Prix---Track-Map.xhtml?oid=194218923,"1:70;2:300;3:305;4:305;5:135;6:140;7:175;8:120;9:185;10:265;11:275;12:165;13:185;14:150;15:200;16:310;17:315;18:70;19:65",,
"Hungaroring (Hungary)",2025,HU,4,3,3,3,3,3,https://press.pirelli.com/hungary-hits-40-before-the-summer-break/,https://content.presspage.com/uploads/2363/53f3f181-2cef-45ac-8165-d77fdcdc3012/1920_trackcharacteristics-hu25-en.jpg?10000,2025,M526805,https://media.mercedesamgf1.com/marsF1/en/instance/picture/ENGLISH-2025-Hungarian-Grand-Prix---Track-Map.xhtml?oid=194254137,"1:95;2:120;3:195;4:235;5:155;6:110;7:125;8:170;9:160;10:210;11:230;12:115;13:100;14:135",,
"Circuit Zandvoort (Netherlands)",2025,NL,3,5,3,3,3,4,https://press.pirelli.com/there-at-the-start-75-years-ago-pirelli-hits-the-500-grands-prix-mark/,https://content.presspage.com/uploads/2363/3d98d8c6-2cdd-4b7a-897d-b19cb88b1d47/1920_trackcharacteristics-nl25-en.jpg?10000,2025,M530172,https://media.mercedesamgf1.com/marsF1/en/instance/picture/ENGLISH-2025-Dutch-Grand-Prix---Track-Map.xhtml?oid=194326094,"1:110;2:170;3:115;4:180;5:250;6:265;7:220;8:200;9:120;10:120;11:115;12:95;13:165;14:200",,
"Autodromo Nazionale Monza (Monza, Italy)",2025,IT,3,3,3,4,2,2,https://press.pirelli.com/art-history-and-speed-monza-gets-ever-more-special/,https://content.presspage.com/uploads/2363/7de0a408-4e5a-49ed-8b90-fd4af43ca5f1/1920_trackcharacteristics-it25-en.jpg?10000,2025,M532705,https://media.mercedesamgf1.com/marsF1/en/instance/picture/ENGLISH-2025-Italian-Grand-Prix---Track-Map.xhtml?oid=194341383,"1:75;2:65;3:250;4:105;5:115;6:190;7:170;8:180;9:185;10:230;11:195",,
"Baku City Circuit (Azerbaijan)",2025,AZ,5,3,2,4,1,1,https://press.pirelli.com/the-c6-is-back-for-baku/,https://content.presspage.com/uploads/2363/1e3f5816-1a47-4dfb-8a4b-09a45b3cd376/1920_trackcharacteristics-az25-en.jpg?10000,2025,M535425,https://media.mercedesamgf1.com/marsF1/en/instance/picture/ENGLISH-2025-Azerbaijan-Grand-Prix--Track-Map.xhtml?oid=194378424,"1:120;2:95;3:100;4:95;5:105;6:95;7:75;8:115;9:125;10:115;11:95;12:110;13:265;14:295;15:95;16:130;17:215;18:270;19:290;20:310",,
"Marina Bay Street Circuit (Singapore)",2025,SG,4,2,3,5,3,2,https://press.pirelli.com/managing-the-heat-under-the-lights-in-singapore/,https://content.presspage.com/uploads/2363/2fd91c3f-72f7-4ea0-9956-2f6892778e8b/1920_trackcharacteristics-sg25-en.jpg?10000,2025,M537670,https://media.mercedesamgf1.com/marsF1/en/instance/picture/ENGLISH-2025-Singapore-Grand-Prix--Track-Map.xhtml?oid=194425513,"1:135;2:140;3:85;4:150;5:140;6:180;7:115;8:75;9:115;10:135;11:105;12:135;13:105;14:65;15:160;16:105;17:120;18:190;19:190",,
"Circuit of The Americas (Austin, USA)",2025,US,4,4,3,3,3,4,https://press.pirelli.com/a-texas-rodeo-with-a-jump-in-compounds/,https://content.presspage.com/uploads/2363/4827e9cb-eec3-44e5-8677-5de8d8956a41/1920_trackcharacteristics-us25-en.jpg?10000,2025,M541339,https://media.mercedesamgf1.com/marsF1/en/instance/picture/ENGLISH-2025-United-States-Grand-Prix---Track-Map.xhtml?oid=194463194,"2:185;3:270;4:275;5:255;6:225;7:200;8:145;9:165;10:230;11:75;12:85;13:120;14:95;15:90;16:165;17:245;18:260;19:200;20:95",1,"Mercedes map does not print a minimum-speed label for Turn 1; no value was imputed"
"Autódromo Hermanos Rodríguez (Mexico)",2025,MX,3,2,2,3,2,2,https://press.pirelli.com/once-again-a-skip-in-compounds-for-the-mexico-city-weekend/,https://content.presspage.com/uploads/2363/15f6b201-d60e-4e9e-8dbd-175879976734/1920_trackcharacteristics-mx25-en.jpg?10000,2025,M544351,https://media.mercedesamgf1.com/marsF1/en/instance/picture/ENGLISH-2025-Mexico-City-Grand-Prix---Track-Map.xhtml?oid=194495642,"1:95;2:90;3:95;4:85;5:65;6:80;7:155;8:180;9:215;10:165;11:180;12:120;13:60;14:120;15:125;16:90;17:150",,
"Autódromo José Carlos Pace (Brazil)",2025,BR,3,3,3,3,2,3,https://press.pirelli.com/harder-compounds-for-the-sao-paulo-sprint-weekend/,https://content.presspage.com/uploads/2363/ed92623b-1bc7-429c-aba4-efc32601c7c7/1920_trackcharacteristics-br25-en.jpg?10000,2025,M547016,https://media.mercedesamgf1.com/marsF1/en/instance/picture/ENGLISH-2025-So-Paulo-Grand-Prix--Track-Map.xhtml?oid=194548692,"1:105;2:135;3:200;4:150;5:200;6:250;7:230;8:90;9:100;10:85;11:190;12:120;13:175;14:250;15:305",,
"Las Vegas Strip Circuit (Las Vegas, USA)",2025,LV,2,4,1,3,2,2,https://press.pirelli.com/roulette-in-las-vegas/,https://content.presspage.com/uploads/2363/2e014b4c-2b87-404f-a176-76f45fd99cc9/1920_trackcharacteristics-lv25-en.jpg?10000,2025,M550711,https://media.mercedesamgf1.com/marsF1/en/instance/picture/ENGLISH-2025-Las-Vegas-Grand-Prix---Track-Map.xhtml?oid=194668980,"1:105;2:125;3:210;4:235;5:105;6:230;7:90;8:100;9:95;10:280;11:305;12:100;13:315;14:95;15:130;16:180;17:320",,
"Lusail International Circuit (Qatar)",2025,QT,3,5,4,3,2,5,https://press.pirelli.com/another-desert-this-time-in-doha/,https://content.presspage.com/uploads/2363/d7f25e90-3c63-40da-8a00-6522eb9759b8/1920_trackcharacteristics-qt25-en.jpg?10000,2025,M554124,https://media.mercedesamgf1.com/marsF1/en/instance/picture/ENGLISH-2025-Qatar-Grand-Prix---Track-Map.xhtml?oid=194696654,"1:155;2:165;3:235;4:190;5:205;6:90;7:140;8:220;9:250;10:140;11:230;12:285;13:275;14:255;15:230;16:155",,
"Yas Marina Circuit (UAE)",2025,AE,4,3,3,4,3,3,https://press.pirelli.com/in-abu-dhabi-for-a-first-step-towards-the-f1-of-the-future/,https://content.presspage.com/uploads/2363/931f1ace-1689-4a39-8173-d1a870e85f69/1920_trackcharacteristics-ae25-en.jpg?10000,2025,M556249,https://media.mercedesamgf1.com/marsF1/en/instance/picture/ENGLISH-2025-Abu-Dhabi-Grand-Prix---Track-Map.xhtml?oid=194710579,"1:150;2:240;3:265;4:280;5:100;6:65;7:75;8:200;9:175;10:250;11:275;12:100;13:110;14:170;15:250;16:125",,
